{
  "project_info": {
    "project_number": "115489895524",
    "project_id": "get-put-data",
    "storage_bucket": "get-put-data.appspot.com"
  },
  "client": [
    {
      "client_info": {
        "mobilesdk_app_id": "1:115489895524:android:e5420c35520dd485535b71",
        "android_client_info": {
          "package_name": "com.example.connect_firebase"
        }
      },
      "oauth_client": [
        {
          "client_id": "115489895524-p0jrj3c6us7ubh6dsejt4rsubv38ddbs.apps.googleusercontent.com",
          "client_type": 3
        }
      ],
      "api_key": [
        {
          "current_key": "AIzaSyDRWTDQ-ArW6Mh5HqpyzZUIcmsZnXCtSUQ"
        }
      ],
      "services": {
        "appinvite_service": {
          "other_platform_oauth_client": [
            {
              "client_id": "115489895524-p0jrj3c6us7ubh6dsejt4rsubv38ddbs.apps.googleusercontent.com",
              "client_type": 3
            }
          ]
        }
      }
    }
  ],
  "configuration_version": "1"
}